Workbook

Sheet Hareket Girişi
A1: VOLKAN KARAKAŞ - CANLI CARİ SİSTEMİ
A2: Sadece mavi yazılı giriş alanlarına veri gir. Dashboard ve muavin otomatik güncellenir.
A3: Not | B3: Borç (Satış) = firmaya kesilen fatura / Alacak (Tahsilat) = firmadan gelen ödeme
A5: Tarih | B5: Tür | C5: Açıklama | D5: Borç (Satış) | E5: Alacak (Tahsilat) | F5: Ay No | G5: Ay Adı | H5: Kontrol
A6: 46045 | B6: Fatura | C6: Ocak satış | D6: 300300 | F6: =IF(A6="","",MONTH(A6)) | G6: =IF(F6="","",CHOOSE(F6,"Ocak","Şubat","Mart","Nisan","Mayıs","Haziran","Temmuz","Ağustos","Eylül","Ekim","Kasım","Aralık")) | H6: =IF(AND(D6="",E6=""),"",D6-E6)
A7: 46048 | B7: Fatura | C7: Ocak satış | D7: 311850 | F7: =IF(A7="","",MONTH(A7)) | G7: =IF(F7="","",CHOOSE(F7,"Ocak","Şubat","Mart","Nisan","Mayıs","Haziran","Temmuz","Ağustos","Eylül","Ekim","Kasım","Aralık")) | H7: =IF(AND(D7="",E7=""),"",D7-E7)
A8: 46050 | B8: Fatura | C8: Ocak satış | D8: 323400 | F8: =IF(A8="","",MONTH(A8)) | G8: =IF(F8="","",CHOOSE(F8,"Ocak","Şubat","Mart","Nisan","Mayıs","Haziran","Temmuz","Ağustos","Eylül","Ekim","Kasım","Aralık")) | H8: =IF(AND(D8="",E8=""),"",D8-E8)
A9: 46051 | B9: Fatura | C9: Ocak satış | D9: 171325 | F9: =IF(A9="","",MONTH(A9)) | G9: =IF(F9="","",CHOOSE(F9,"Ocak","Şubat","Mart","Nisan","Mayıs","Haziran","Temmuz","Ağustos","Eylül","Ekim","Kasım","Aralık")) | H9: =IF(AND(D9="",E9=""),"",D9-E9)
A10: 46065 | B10: Fatura | C10: Şubat satış | D10: 230037.5 | F10: =IF(A10="","",MONTH(A10)) | G10: =IF(F10="","",CHOOSE(F10,"Ocak","Şubat","Mart","Nisan","Mayıs","Haziran","Temmuz","Ağustos","Eylül","Ekim","Kasım","Aralık")) | H10: =IF(AND(D10="",E10=""),"",D10-E10)
A11: 46066 | B11: Fatura | C11: Şubat satış | D11: 186626 | F11: =IF(A11="","",MONTH(A11)) | G11: =IF(F11="","",CHOOSE(F11,"Ocak","Şubat","Mart","Nisan","Mayıs","Haziran","Temmuz","Ağustos","Eylül","Ekim","Kasım","Aralık")) | H11: =IF(AND(D11="",E11=""),"",D11-E11)
A12: 46066 | B12: Fatura | C12: Şubat satış | D12: 204765 | F12: =IF(A12="","",MONTH(A12)) | G12: =IF(F12="","",CHOOSE(F12,"Ocak","Şubat","Mart","Nisan","Mayıs","Haziran","Temmuz","Ağustos","Eylül","Ekim","Kasım","Aralık")) | H12: =IF(AND(D12="",E12=""),"",D12-E12)
A13: 46067 | B13: Fatura | C13: Şubat satış | D13: 131835 | F13: =IF(A13="","",MONTH(A13)) | G13: =IF(F13="","",CHOOSE(F13,"Ocak","Şubat","Mart","Nisan","Mayıs","Haziran","Temmuz","Ağustos","Eylül","Ekim","Kasım","Aralık")) | H13: =IF(AND(D13="",E13=""),"",D13-E13)
A14: 46067 | B14: Fatura | C14: Şubat satış | D14: 147543 | F14: =IF(A14="","",MONTH(A14)) | G14: =IF(F14="","",CHOOSE(F14,"Ocak","Şubat","Mart","Nisan","Mayıs","Haziran","Temmuz","Ağustos","Eylül","Ekim","Kasım","Aralık")) | H14: =IF(AND(D14="",E14=""),"",D14-E14)
A15: 46077 | B15: Fatura | C15: Şubat satış | D15: 230010 | F15: =IF(A15="","",MONTH(A15)) | G15: =IF(F15="","",CHOOSE(F15,"Ocak","Şubat","Mart","Nisan","Mayıs","Haziran","Temmuz","Ağustos","Eylül","Ekim","Kasım","Aralık")) | H15: =IF(AND(D15="",E15=""),"",D15-E15)
A16: 46067 | B16: POS | C16: 12-14 Şubat POS tahsilat toplamı | E16: 900806.5 | F16: =IF(A16="","",MONTH(A16)) | G16: =IF(F16="","",CHOOSE(F16,"Ocak","Şubat","Mart","Nisan","Mayıs","Haziran","Temmuz","Ağustos","Eylül","Ekim","Kasım","Aralık")) | H16: =IF(AND(D16="",E16=""),"",D16-E16)
A17: 46092 | B17: Havale | C17: Banka hesabına gelen tahsilat | E17: 200000 | F17: =IF(A17="","",MONTH(A17)) | G17: =IF(F17="","",CHOOSE(F17,"Ocak","Şubat","Mart","Nisan","Mayıs","Haziran","Temmuz","Ağustos","Eylül","Ekim","Kasım","Aralık")) | H17: =IF(AND(D17="",E17=""),"",D17-E17)
A18: 46093 | B18: Havale | C18: Ayşe hesabına gelen tahsilat | E18: 350000 | F18: =IF(A18="","",MONTH(A18)) | G18: =IF(F18="","",CHOOSE(F18,"Ocak","Şubat","Mart","Nisan","Mayıs","Haziran","Temmuz","Ağustos","Eylül","Ekim","Kasım","Aralık")) | H18: =IF(AND(D18="",E18=""),"",D18-E18)
F19: =IF(A19="","",MONTH(A19)) | G19: =IF(F19="","",CHOOSE(F19,"Ocak","Şubat","Mart","Nisan","Mayıs","Haziran","Temmuz","Ağustos","Eylül","Ekim","Kasım","Aralık")) | H19: =IF(AND(D19="",E19=""),"",D19-E19)
F20: =IF(A20="","",MONTH(A20)) | G20: =IF(F20="","",CHOOSE(F20,"Ocak","Şubat","Mart","Nisan","Mayıs","Haziran","Temmuz","Ağustos","Eylül","Ekim","Kasım","Aralık")) | H20: =IF(AND(D20="",E20=""),"",D20-E20)
F21: =IF(A21="","",MONTH(A21)) | G21: =IF(F21="","",CHOOSE(F21,"Ocak","Şubat","Mart","Nisan","Mayıs","Haziran","Temmuz","Ağustos","Eylül","Ekim","Kasım","Aralık")) | H21: =IF(AND(D21="",E21=""),"",D21-E21)
F22: =IF(A22="","",MONTH(A22)) | G22: =IF(F22="","",CHOOSE(F22,"Ocak","Şubat","Mart","Nisan","Mayıs","Haziran","Temmuz","Ağustos","Eylül","Ekim","Kasım","Aralık")) | H22: =IF(AND(D22="",E22=""),"",D22-E22)
F23: =IF(A23="","",MONTH(A23)) | G23: =IF(F23="","",CHOOSE(F23,"Ocak","Şubat","Mart","Nisan","Mayıs","Haziran","Temmuz","Ağustos","Eylül","Ekim","Kasım","Aralık")) | H23: =IF(AND(D23="",E23=""),"",D23-E23)
F24: =IF(A24="","",MONTH(A24)) | G24: =IF(F24="","",CHOOSE(F24,"Ocak","Şubat","Mart","Nisan","Mayıs","Haziran","Temmuz","Ağustos","Eylül","Ekim","Kasım","Aralık")) | H24: =IF(AND(D24="",E24=""),"",D24-E24)
F25: =IF(A25="","",MONTH(A25)) | G25: =IF(F25="","",CHOOSE(F25,"Ocak","Şubat","Mart","Nisan","Mayıs","Haziran","Temmuz","Ağustos","Eylül","Ekim","Kasım","Aralık")) | H25: =IF(AND(D25="",E25=""),"",D25-E25)
F26: =IF(A26="","",MONTH(A26)) | G26: =IF(F26="","",CHOOSE(F26,"Ocak","Şubat","Mart","Nisan","Mayıs","Haziran","Temmuz","Ağustos","Eylül","Ekim","Kasım","Aralık")) | H26: =IF(AND(D26="",E26=""),"",D26-E26)
F27: =IF(A27="","",MONTH(A27)) | G27: =IF(F27="","",CHOOSE(F27,"Ocak","Şubat","Mart","Nisan","Mayıs","Haziran","Temmuz","Ağustos","Eylül","Ekim","Kasım","Aralık")) | H27: =IF(AND(D27="",E27=""),"",D27-E27)
F28: =IF(A28="","",MONTH(A28)) | G28: =IF(F28="","",CHOOSE(F28,"Ocak","Şubat","Mart","Nisan","Mayıs","Haziran","Temmuz","Ağustos","Eylül","Ekim","Kasım","Aralık")) | H28: =IF(AND(D28="",E28=""),"",D28-E28)
F29: =IF(A29="","",MONTH(A29)) | G29: =IF(F29="","",CHOOSE(F29,"Ocak","Şubat","Mart","Nisan","Mayıs","Haziran","Temmuz","Ağustos","Eylül","Ekim","Kasım","Aralık")) | H29: =IF(AND(D29="",E29=""),"",D29-E29)
F30: =IF(A30="","",MONTH(A30)) | G30: =IF(F30="","",CHOOSE(F30,"Ocak","Şubat","Mart","Nisan","Mayıs","Haziran","Temmuz","Ağustos","Eylül","Ekim","Kasım","Aralık")) | H30: =IF(AND(D30="",E30=""),"",D30-E30)
... F205: =IF(A205="","",MONTH(A205)) | G205: =IF(F205="","",CHOOSE(F205,"Ocak","Şubat","Mart","Nisan","Mayıs","Haziran","Temmuz","Ağustos","Eylül","Ekim","Kasım","Aralık")) | H205: =IF(AND(D205="",E205=""),"",D205-E205)

Sheet Muavin
A1: MUAVİN / CARİ HAREKETLER
A3: Tarih | B3: Tür | C3: Açıklama | D3: Borç (Satış) | E3: Alacak (Tahsilat) | F3: Bakiye
A4: ='Hareket Girişi'!A6 | B4: ='Hareket Girişi'!B6 | C4: ='Hareket Girişi'!C6 | D4: ='Hareket Girişi'!D6 | E4: ='Hareket Girişi'!E6 | F4: =IF(A4="","",D4-E4)
A5: ='Hareket Girişi'!A7 | B5: ='Hareket Girişi'!B7 | C5: ='Hareket Girişi'!C7 | D5: ='Hareket Girişi'!D7 | E5: ='Hareket Girişi'!E7 | F5: =IF(A5="","",F4+D5-E5)
A6: ='Hareket Girişi'!A8 | B6: ='Hareket Girişi'!B8 | C6: ='Hareket Girişi'!C8 | D6: ='Hareket Girişi'!D8 | E6: ='Hareket Girişi'!E8 | F6: =IF(A6="","",F5+D6-E6)
A7: ='Hareket Girişi'!A9 | B7: ='Hareket Girişi'!B9 | C7: ='Hareket Girişi'!C9 | D7: ='Hareket Girişi'!D9 | E7: ='Hareket Girişi'!E9 | F7: =IF(A7="","",F6+D7-E7)
A8: ='Hareket Girişi'!A10 | B8: ='Hareket Girişi'!B10 | C8: ='Hareket Girişi'!C10 | D8: ='Hareket Girişi'!D10 | E8: ='Hareket Girişi'!E10 | F8: =IF(A8="","",F7+D8-E8)
A9: ='Hareket Girişi'!A11 | B9: ='Hareket Girişi'!B11 | C9: ='Hareket Girişi'!C11 | D9: ='Hareket Girişi'!D11 | E9: ='Hareket Girişi'!E11 | F9: =IF(A9="","",F8+D9-E9)
A10: ='Hareket Girişi'!A12 | B10: ='Hareket Girişi'!B12 | C10: ='Hareket Girişi'!C12 | D10: ='Hareket Girişi'!D12 | E10: ='Hareket Girişi'!E12 | F10: =IF(A10="","",F9+D10-E10)
A11: ='Hareket Girişi'!A13 | B11: ='Hareket Girişi'!B13 | C11: ='Hareket Girişi'!C13 | D11: ='Hareket Girişi'!D13 | E11: ='Hareket Girişi'!E13 | F11: =IF(A11="","",F10+D11-E11)
A12: ='Hareket Girişi'!A14 | B12: ='Hareket Girişi'!B14 | C12: ='Hareket Girişi'!C14 | D12: ='Hareket Girişi'!D14 | E12: ='Hareket Girişi'!E14 | F12: =IF(A12="","",F11+D12-E12)
A13: ='Hareket Girişi'!A15 | B13: ='Hareket Girişi'!B15 | C13: ='Hareket Girişi'!C15 | D13: ='Hareket Girişi'!D15 | E13: ='Hareket Girişi'!E15 | F13: =IF(A13="","",F12+D13-E13)
A14: ='Hareket Girişi'!A16 | B14: ='Hareket Girişi'!B16 | C14: ='Hareket Girişi'!C16 | D14: ='Hareket Girişi'!D16 | E14: ='Hareket Girişi'!E16 | F14: =IF(A14="","",F13+D14-E14)
A15: ='Hareket Girişi'!A17 | B15: ='Hareket Girişi'!B17 | C15: ='Hareket Girişi'!C17 | D15: ='Hareket Girişi'!D17 | E15: ='Hareket Girişi'!E17 | F15: =IF(A15="","",F14+D15-E15)
A16: ='Hareket Girişi'!A18 | B16: ='Hareket Girişi'!B18 | C16: ='Hareket Girişi'!C18 | D16: ='Hareket Girişi'!D18 | E16: ='Hareket Girişi'!E18 | F16: =IF(A16="","",F15+D16-E16)
... A203: ='Hareket Girişi'!A205 | B203: ='Hareket Girişi'!B205 | C203: ='Hareket Girişi'!C205 | D203: ='Hareket Girişi'!D205 | E203: ='Hareket Girişi'!E205 | F203: =IF(A203="","",F202+D203-E203)
C204: TOPLAM | D204: =SUM(D4:D203) | E204: =SUM(E4:E203) | F204: =LOOKUP(2,1/(F4:F203<>""),F4:F203)

Sheet Özet Dashboard
A1: VOLKAN KARAKAŞ CARİ ÖZETİ
A2: Canlı Formüllü Versiyon - Hareket Girişi sayfasına veri girildiğinde otomatik güncellenir.
A4: Toplam Satış | C4: Toplam Tahsilat | E4: Kapanış Bakiye | G4: Cari Durum
A5: =SUM(tblHareketler[Borç (Satış)]) | C5: =SUM(tblHareketler[Alacak (Tahsilat)]) | E5: =A5-C5 | G5: =IF(E5>0,"ALACAKLIYIZ",IF(E5<0,"BORÇLUYUZ","KAPANDI"))
A9: DÖNEMSEL ÖZET
A10: Kalem | B10: Ocak | C10: Şubat | D10: Mart | E10: Genel Toplam | G10: Not
A11: Satış | B11: =SUMIFS(tblHareketler[Borç (Satış)],tblHareketler[Ay No],1) | C11: =SUMIFS(tblHareketler[Borç (Satış)],tblHareketler[Ay No],2) | D11: =SUMIFS(tblHareketler[Borç (Satış)],tblHareketler[Ay No],3) | E11: =SUM(B11:D11) | G11: Ay no yardımcı kolonuna göre toplar
A12: Tahsilat | B12: =SUMIFS(tblHareketler[Alacak (Tahsilat)],tblHareketler[Ay No],1) | C12: =SUMIFS(tblHareketler[Alacak (Tahsilat)],tblHareketler[Ay No],2) | D12: =SUMIFS(tblHareketler[Alacak (Tahsilat)],tblHareketler[Ay No],3) | E12: =SUM(B12:D12) | G12: POS dahil tahsilatlar
A13: Net Bakiye | B13: =B11-B12 | C13: =C11-C12 | D13: =D11-D12 | E13: =SUM(B13:D13) | G13: Pozitif = alacak
A16: KULLANIM | F16: Tarih | G16: Bakiye
A17: 1) Yeni hareketi Hareket Girişi sayfasında boş satıra ekle. | F17: =Muavin!A4 | G17: =Muavin!F4
A18: 2) Satışları Borç sütununa, tahsilatları Alacak sütununa yaz. | F18: =Muavin!A5 | G18: =Muavin!F5
A19: 3) POS ödemelerini brüt tutarla gir. | F19: =Muavin!A6 | G19: =Muavin!F6
A20: 4) Muavin ve dashboard otomatik güncellenir. | F20: =Muavin!A7 | G20: =Muavin!F7
F21: =Muavin!A8 | G21: =Muavin!F8
F22: =Muavin!A9 | G22: =Muavin!F9
F23: =Muavin!A10 | G23: =Muavin!F10
F24: =Muavin!A11 | G24: =Muavin!F11
F25: =Muavin!A12 | G25: =Muavin!F12
F26: =Muavin!A13 | G26: =Muavin!F13
F27: =Muavin!A14 | G27: =Muavin!F14
F28: =Muavin!A15 | G28: =Muavin!F15
F29: =Muavin!A16 | G29: =Muavin!F16
F30: =Muavin!A17 | G30: =Muavin!F17
F31: =Muavin!A18 | G31: =Muavin!F18
F32: =Muavin!A19 | G32: =Muavin!F19
... F216: =Muavin!A203 | G216: =Muavin!F203

Sheet Ocak
A1: OCAK DETAY
A3: Tarih | B3: Tür | C3: Açıklama | D3: Borç | E3: Alacak | F3: Net
A4: =IF('Hareket Girişi'!F6=1,'Hareket Girişi'!A6,"") | B4: =IF($A4="", "", 'Hareket Girişi'!B6) | C4: =IF($A4="", "", 'Hareket Girişi'!C6) | D4: =IF($A4="", "", 'Hareket Girişi'!D6) | E4: =IF($A4="", "", 'Hareket Girişi'!E6) | F4: =IF($A4="", "", D4-E4)
A5: =IF('Hareket Girişi'!F7=1,'Hareket Girişi'!A7,"") | B5: =IF($A5="", "", 'Hareket Girişi'!B7) | C5: =IF($A5="", "", 'Hareket Girişi'!C7) | D5: =IF($A5="", "", 'Hareket Girişi'!D7) | E5: =IF($A5="", "", 'Hareket Girişi'!E7) | F5: =IF($A5="", "", D5-E5)
A6: =IF('Hareket Girişi'!F8=1,'Hareket Girişi'!A8,"") | B6: =IF($A6="", "", 'Hareket Girişi'!B8) | C6: =IF($A6="", "", 'Hareket Girişi'!C8) | D6: =IF($A6="", "", 'Hareket Girişi'!D8) | E6: =IF($A6="", "", 'Hareket Girişi'!E8) | F6: =IF($A6="", "", D6-E6)
A7: =IF('Hareket Girişi'!F9=1,'Hareket Girişi'!A9,"") | B7: =IF($A7="", "", 'Hareket Girişi'!B9) | C7: =IF($A7="", "", 'Hareket Girişi'!C9) | D7: =IF($A7="", "", 'Hareket Girişi'!D9) | E7: =IF($A7="", "", 'Hareket Girişi'!E9) | F7: =IF($A7="", "", D7-E7)
A8: =IF('Hareket Girişi'!F10=1,'Hareket Girişi'!A10,"") | B8: =IF($A8="", "", 'Hareket Girişi'!B10) | C8: =IF($A8="", "", 'Hareket Girişi'!C10) | D8: =IF($A8="", "", 'Hareket Girişi'!D10) | E8: =IF($A8="", "", 'Hareket Girişi'!E10) | F8: =IF($A8="", "", D8-E8)
A9: =IF('Hareket Girişi'!F11=1,'Hareket Girişi'!A11,"") | B9: =IF($A9="", "", 'Hareket Girişi'!B11) | C9: =IF($A9="", "", 'Hareket Girişi'!C11) | D9: =IF($A9="", "", 'Hareket Girişi'!D11) | E9: =IF($A9="", "", 'Hareket Girişi'!E11) | F9: =IF($A9="", "", D9-E9)
A10: =IF('Hareket Girişi'!F12=1,'Hareket Girişi'!A12,"") | B10: =IF($A10="", "", 'Hareket Girişi'!B12) | C10: =IF($A10="", "", 'Hareket Girişi'!C12) | D10: =IF($A10="", "", 'Hareket Girişi'!D12) | E10: =IF($A10="", "", 'Hareket Girişi'!E12) | F10: =IF($A10="", "", D10-E10)
A11: =IF('Hareket Girişi'!F13=1,'Hareket Girişi'!A13,"") | B11: =IF($A11="", "", 'Hareket Girişi'!B13) | C11: =IF($A11="", "", 'Hareket Girişi'!C13) | D11: =IF($A11="", "", 'Hareket Girişi'!D13) | E11: =IF($A11="", "", 'Hareket Girişi'!E13) | F11: =IF($A11="", "", D11-E11)
A12: =IF('Hareket Girişi'!F14=1,'Hareket Girişi'!A14,"") | B12: =IF($A12="", "", 'Hareket Girişi'!B14) | C12: =IF($A12="", "", 'Hareket Girişi'!C14) | D12: =IF($A12="", "", 'Hareket Girişi'!D14) | E12: =IF($A12="", "", 'Hareket Girişi'!E14) | F12: =IF($A12="", "", D12-E12)
A13: =IF('Hareket Girişi'!F15=1,'Hareket Girişi'!A15,"") | B13: =IF($A13="", "", 'Hareket Girişi'!B15) | C13: =IF($A13="", "", 'Hareket Girişi'!C15) | D13: =IF($A13="", "", 'Hareket Girişi'!D15) | E13: =IF($A13="", "", 'Hareket Girişi'!E15) | F13: =IF($A13="", "", D13-E13)
A14: =IF('Hareket Girişi'!F16=1,'Hareket Girişi'!A16,"") | B14: =IF($A14="", "", 'Hareket Girişi'!B16) | C14: =IF($A14="", "", 'Hareket Girişi'!C16) | D14: =IF($A14="", "", 'Hareket Girişi'!D16) | E14: =IF($A14="", "", 'Hareket Girişi'!E16) | F14: =IF($A14="", "", D14-E14)
A15: =IF('Hareket Girişi'!F17=1,'Hareket Girişi'!A17,"") | B15: =IF($A15="", "", 'Hareket Girişi'!B17) | C15: =IF($A15="", "", 'Hareket Girişi'!C17) | D15: =IF($A15="", "", 'Hareket Girişi'!D17) | E15: =IF($A15="", "", 'Hareket Girişi'!E17) | F15: =IF($A15="", "", D15-E15)
... A203: =IF('Hareket Girişi'!F205=1,'Hareket Girişi'!A205,"") | B203: =IF($A203="", "", 'Hareket Girişi'!B205) | C203: =IF($A203="", "", 'Hareket Girişi'!C205) | D203: =IF($A203="", "", 'Hareket Girişi'!D205) | E203: =IF($A203="", "", 'Hareket Girişi'!E205) | F203: =IF($A203="", "", D203-E203)
C204: TOPLAM | D204: =SUM(D4:D203) | E204: =SUM(E4:E203) | F204: =SUM(F4:F203)

Sheet Şubat
A1: ŞUBAT DETAY
A3: Tarih | B3: Tür | C3: Açıklama | D3: Borç | E3: Alacak | F3: Net
A4: =IF('Hareket Girişi'!F6=2,'Hareket Girişi'!A6,"") | B4: =IF($A4="", "", 'Hareket Girişi'!B6) | C4: =IF($A4="", "", 'Hareket Girişi'!C6) | D4: =IF($A4="", "", 'Hareket Girişi'!D6) | E4: =IF($A4="", "", 'Hareket Girişi'!E6) | F4: =IF($A4="", "", D4-E4)
A5: =IF('Hareket Girişi'!F7=2,'Hareket Girişi'!A7,"") | B5: =IF($A5="", "", 'Hareket Girişi'!B7) | C5: =IF($A5="", "", 'Hareket Girişi'!C7) | D5: =IF($A5="", "", 'Hareket Girişi'!D7) | E5: =IF($A5="", "", 'Hareket Girişi'!E7) | F5: =IF($A5="", "", D5-E5)
A6: =IF('Hareket Girişi'!F8=2,'Hareket Girişi'!A8,"") | B6: =IF($A6="", "", 'Hareket Girişi'!B8) | C6: =IF($A6="", "", 'Hareket Girişi'!C8) | D6: =IF($A6="", "", 'Hareket Girişi'!D8) | E6: =IF($A6="", "", 'Hareket Girişi'!E8) | F6: =IF($A6="", "", D6-E6)
A7: =IF('Hareket Girişi'!F9=2,'Hareket Girişi'!A9,"") | B7: =IF($A7="", "", 'Hareket Girişi'!B9) | C7: =IF($A7="", "", 'Hareket Girişi'!C9) | D7: =IF($A7="", "", 'Hareket Girişi'!D9) | E7: =IF($A7="", "", 'Hareket Girişi'!E9) | F7: =IF($A7="", "", D7-E7)
A8: =IF('Hareket Girişi'!F10=2,'Hareket Girişi'!A10,"") | B8: =IF($A8="", "", 'Hareket Girişi'!B10) | C8: =IF($A8="", "", 'Hareket Girişi'!C10) | D8: =IF($A8="", "", 'Hareket Girişi'!D10) | E8: =IF($A8="", "", 'Hareket Girişi'!E10) | F8: =IF($A8="", "", D8-E8)
A9: =IF('Hareket Girişi'!F11=2,'Hareket Girişi'!A11,"") | B9: =IF($A9="", "", 'Hareket Girişi'!B11) | C9: =IF($A9="", "", 'Hareket Girişi'!C11) | D9: =IF($A9="", "", 'Hareket Girişi'!D11) | E9: =IF($A9="", "", 'Hareket Girişi'!E11) | F9: =IF($A9="", "", D9-E9)
A10: =IF('Hareket Girişi'!F12=2,'Hareket Girişi'!A12,"") | B10: =IF($A10="", "", 'Hareket Girişi'!B12) | C10: =IF($A10="", "", 'Hareket Girişi'!C12) | D10: =IF($A10="", "", 'Hareket Girişi'!D12) | E10: =IF($A10="", "", 'Hareket Girişi'!E12) | F10: =IF($A10="", "", D10-E10)
A11: =IF('Hareket Girişi'!F13=2,'Hareket Girişi'!A13,"") | B11: =IF($A11="", "", 'Hareket Girişi'!B13) | C11: =IF($A11="", "", 'Hareket Girişi'!C13) | D11: =IF($A11="", "", 'Hareket Girişi'!D13) | E11: =IF($A11="", "", 'Hareket Girişi'!E13) | F11: =IF($A11="", "", D11-E11)
A12: =IF('Hareket Girişi'!F14=2,'Hareket Girişi'!A14,"") | B12: =IF($A12="", "", 'Hareket Girişi'!B14) | C12: =IF($A12="", "", 'Hareket Girişi'!C14) | D12: =IF($A12="", "", 'Hareket Girişi'!D14) | E12: =IF($A12="", "", 'Hareket Girişi'!E14) | F12: =IF($A12="", "", D12-E12)
A13: =IF('Hareket Girişi'!F15=2,'Hareket Girişi'!A15,"") | B13: =IF($A13="", "", 'Hareket Girişi'!B15) | C13: =IF($A13="", "", 'Hareket Girişi'!C15) | D13: =IF($A13="", "", 'Hareket Girişi'!D15) | E13: =IF($A13="", "", 'Hareket Girişi'!E15) | F13: =IF($A13="", "", D13-E13)
A14: =IF('Hareket Girişi'!F16=2,'Hareket Girişi'!A16,"") | B14: =IF($A14="", "", 'Hareket Girişi'!B16) | C14: =IF($A14="", "", 'Hareket Girişi'!C16) | D14: =IF($A14="", "", 'Hareket Girişi'!D16) | E14: =IF($A14="", "", 'Hareket Girişi'!E16) | F14: =IF($A14="", "", D14-E14)
A15: =IF('Hareket Girişi'!F17=2,'Hareket Girişi'!A17,"") | B15: =IF($A15="", "", 'Hareket Girişi'!B17) | C15: =IF($A15="", "", 'Hareket Girişi'!C17) | D15: =IF($A15="", "", 'Hareket Girişi'!D17) | E15: =IF($A15="", "", 'Hareket Girişi'!E17) | F15: =IF($A15="", "", D15-E15)
... A203: =IF('Hareket Girişi'!F205=2,'Hareket Girişi'!A205,"") | B203: =IF($A203="", "", 'Hareket Girişi'!B205) | C203: =IF($A203="", "", 'Hareket Girişi'!C205) | D203: =IF($A203="", "", 'Hareket Girişi'!D205) | E203: =IF($A203="", "", 'Hareket Girişi'!E205) | F203: =IF($A203="", "", D203-E203)
C204: TOPLAM | D204: =SUM(D4:D203) | E204: =SUM(E4:E203) | F204: =SUM(F4:F203)

Sheet Mart
A1: MART DETAY
A3: Tarih | B3: Tür | C3: Açıklama | D3: Borç | E3: Alacak | F3: Net
A4: =IF('Hareket Girişi'!F6=3,'Hareket Girişi'!A6,"") | B4: =IF($A4="", "", 'Hareket Girişi'!B6) | C4: =IF($A4="", "", 'Hareket Girişi'!C6) | D4: =IF($A4="", "", 'Hareket Girişi'!D6) | E4: =IF($A4="", "", 'Hareket Girişi'!E6) | F4: =IF($A4="", "", D4-E4)
A5: =IF('Hareket Girişi'!F7=3,'Hareket Girişi'!A7,"") | B5: =IF($A5="", "", 'Hareket Girişi'!B7) | C5: =IF($A5="", "", 'Hareket Girişi'!C7) | D5: =IF($A5="", "", 'Hareket Girişi'!D7) | E5: =IF($A5="", "", 'Hareket Girişi'!E7) | F5: =IF($A5="", "", D5-E5)
A6: =IF('Hareket Girişi'!F8=3,'Hareket Girişi'!A8,"") | B6: =IF($A6="", "", 'Hareket Girişi'!B8) | C6: =IF($A6="", "", 'Hareket Girişi'!C8) | D6: =IF($A6="", "", 'Hareket Girişi'!D8) | E6: =IF($A6="", "", 'Hareket Girişi'!E8) | F6: =IF($A6="", "", D6-E6)
A7: =IF('Hareket Girişi'!F9=3,'Hareket Girişi'!A9,"") | B7: =IF($A7="", "", 'Hareket Girişi'!B9) | C7: =IF($A7="", "", 'Hareket Girişi'!C9) | D7: =IF($A7="", "", 'Hareket Girişi'!D9) | E7: =IF($A7="", "", 'Hareket Girişi'!E9) | F7: =IF($A7="", "", D7-E7)
A8: =IF('Hareket Girişi'!F10=3,'Hareket Girişi'!A10,"") | B8: =IF($A8="", "", 'Hareket Girişi'!B10) | C8: =IF($A8="", "", 'Hareket Girişi'!C10) | D8: =IF($A8="", "", 'Hareket Girişi'!D10) | E8: =IF($A8="", "", 'Hareket Girişi'!E10) | F8: =IF($A8="", "", D8-E8)
A9: =IF('Hareket Girişi'!F11=3,'Hareket Girişi'!A11,"") | B9: =IF($A9="", "", 'Hareket Girişi'!B11) | C9: =IF($A9="", "", 'Hareket Girişi'!C11) | D9: =IF($A9="", "", 'Hareket Girişi'!D11) | E9: =IF($A9="", "", 'Hareket Girişi'!E11) | F9: =IF($A9="", "", D9-E9)
A10: =IF('Hareket Girişi'!F12=3,'Hareket Girişi'!A12,"") | B10: =IF($A10="", "", 'Hareket Girişi'!B12) | C10: =IF($A10="", "", 'Hareket Girişi'!C12) | D10: =IF($A10="", "", 'Hareket Girişi'!D12) | E10: =IF($A10="", "", 'Hareket Girişi'!E12) | F10: =IF($A10="", "", D10-E10)
A11: =IF('Hareket Girişi'!F13=3,'Hareket Girişi'!A13,"") | B11: =IF($A11="", "", 'Hareket Girişi'!B13) | C11: =IF($A11="", "", 'Hareket Girişi'!C13) | D11: =IF($A11="", "", 'Hareket Girişi'!D13) | E11: =IF($A11="", "", 'Hareket Girişi'!E13) | F11: =IF($A11="", "", D11-E11)
A12: =IF('Hareket Girişi'!F14=3,'Hareket Girişi'!A14,"") | B12: =IF($A12="", "", 'Hareket Girişi'!B14) | C12: =IF($A12="", "", 'Hareket Girişi'!C14) | D12: =IF($A12="", "", 'Hareket Girişi'!D14) | E12: =IF($A12="", "", 'Hareket Girişi'!E14) | F12: =IF($A12="", "", D12-E12)
A13: =IF('Hareket Girişi'!F15=3,'Hareket Girişi'!A15,"") | B13: =IF($A13="", "", 'Hareket Girişi'!B15) | C13: =IF($A13="", "", 'Hareket Girişi'!C15) | D13: =IF($A13="", "", 'Hareket Girişi'!D15) | E13: =IF($A13="", "", 'Hareket Girişi'!E15) | F13: =IF($A13="", "", D13-E13)
A14: =IF('Hareket Girişi'!F16=3,'Hareket Girişi'!A16,"") | B14: =IF($A14="", "", 'Hareket Girişi'!B16) | C14: =IF($A14="", "", 'Hareket Girişi'!C16) | D14: =IF($A14="", "", 'Hareket Girişi'!D16) | E14: =IF($A14="", "", 'Hareket Girişi'!E16) | F14: =IF($A14="", "", D14-E14)
A15: =IF('Hareket Girişi'!F17=3,'Hareket Girişi'!A17,"") | B15: =IF($A15="", "", 'Hareket Girişi'!B17) | C15: =IF($A15="", "", 'Hareket Girişi'!C17) | D15: =IF($A15="", "", 'Hareket Girişi'!D17) | E15: =IF($A15="", "", 'Hareket Girişi'!E17) | F15: =IF($A15="", "", D15-E15)
... A203: =IF('Hareket Girişi'!F205=3,'Hareket Girişi'!A205,"") | B203: =IF($A203="", "", 'Hareket Girişi'!B205) | C203: =IF($A203="", "", 'Hareket Girişi'!C205) | D203: =IF($A203="", "", 'Hareket Girişi'!D205) | E203: =IF($A203="", "", 'Hareket Girişi'!E205) | F203: =IF($A203="", "", D203-E203)
C204: TOPLAM | D204: =SUM(D4:D203) | E204: =SUM(E4:E203) | F204: =SUM(F4:F203)

Sheet Tahsilatlar
A1: TAHSILATLAR DETAY
A3: Tarih | B3: Tür | C3: Açıklama | D3: Borç | E3: Alacak | F3: Net
A4: =IF('Hareket Girişi'!E6>0,'Hareket Girişi'!A6,"") | B4: =IF($A4="", "", 'Hareket Girişi'!B6) | C4: =IF($A4="", "", 'Hareket Girişi'!C6) | D4: =IF($A4="", "", 'Hareket Girişi'!D6) | E4: =IF($A4="", "", 'Hareket Girişi'!E6) | F4: =IF($A4="", "", D4-E4)
A5: =IF('Hareket Girişi'!E7>0,'Hareket Girişi'!A7,"") | B5: =IF($A5="", "", 'Hareket Girişi'!B7) | C5: =IF($A5="", "", 'Hareket Girişi'!C7) | D5: =IF($A5="", "", 'Hareket Girişi'!D7) | E5: =IF($A5="", "", 'Hareket Girişi'!E7) | F5: =IF($A5="", "", D5-E5)
A6: =IF('Hareket Girişi'!E8>0,'Hareket Girişi'!A8,"") | B6: =IF($A6="", "", 'Hareket Girişi'!B8) | C6: =IF($A6="", "", 'Hareket Girişi'!C8) | D6: =IF($A6="", "", 'Hareket Girişi'!D8) | E6: =IF($A6="", "", 'Hareket Girişi'!E8) | F6: =IF($A6="", "", D6-E6)
A7: =IF('Hareket Girişi'!E9>0,'Hareket Girişi'!A9,"") | B7: =IF($A7="", "", 'Hareket Girişi'!B9) | C7: =IF($A7="", "", 'Hareket Girişi'!C9) | D7: =IF($A7="", "", 'Hareket Girişi'!D9) | E7: =IF($A7="", "", 'Hareket Girişi'!E9) | F7: =IF($A7="", "", D7-E7)
A8: =IF('Hareket Girişi'!E10>0,'Hareket Girişi'!A10,"") | B8: =IF($A8="", "", 'Hareket Girişi'!B10) | C8: =IF($A8="", "", 'Hareket Girişi'!C10) | D8: =IF($A8="", "", 'Hareket Girişi'!D10) | E8: =IF($A8="", "", 'Hareket Girişi'!E10) | F8: =IF($A8="", "", D8-E8)
A9: =IF('Hareket Girişi'!E11>0,'Hareket Girişi'!A11,"") | B9: =IF($A9="", "", 'Hareket Girişi'!B11) | C9: =IF($A9="", "", 'Hareket Girişi'!C11) | D9: =IF($A9="", "", 'Hareket Girişi'!D11) | E9: =IF($A9="", "", 'Hareket Girişi'!E11) | F9: =IF($A9="", "", D9-E9)
A10: =IF('Hareket Girişi'!E12>0,'Hareket Girişi'!A12,"") | B10: =IF($A10="", "", 'Hareket Girişi'!B12) | C10: =IF($A10="", "", 'Hareket Girişi'!C12) | D10: =IF($A10="", "", 'Hareket Girişi'!D12) | E10: =IF($A10="", "", 'Hareket Girişi'!E12) | F10: =IF($A10="", "", D10-E10)
A11: =IF('Hareket Girişi'!E13>0,'Hareket Girişi'!A13,"") | B11: =IF($A11="", "", 'Hareket Girişi'!B13) | C11: =IF($A11="", "", 'Hareket Girişi'!C13) | D11: =IF($A11="", "", 'Hareket Girişi'!D13) | E11: =IF($A11="", "", 'Hareket Girişi'!E13) | F11: =IF($A11="", "", D11-E11)
A12: =IF('Hareket Girişi'!E14>0,'Hareket Girişi'!A14,"") | B12: =IF($A12="", "", 'Hareket Girişi'!B14) | C12: =IF($A12="", "", 'Hareket Girişi'!C14) | D12: =IF($A12="", "", 'Hareket Girişi'!D14) | E12: =IF($A12="", "", 'Hareket Girişi'!E14) | F12: =IF($A12="", "", D12-E12)
A13: =IF('Hareket Girişi'!E15>0,'Hareket Girişi'!A15,"") | B13: =IF($A13="", "", 'Hareket Girişi'!B15) | C13: =IF($A13="", "", 'Hareket Girişi'!C15) | D13: =IF($A13="", "", 'Hareket Girişi'!D15) | E13: =IF($A13="", "", 'Hareket Girişi'!E15) | F13: =IF($A13="", "", D13-E13)
A14: =IF('Hareket Girişi'!E16>0,'Hareket Girişi'!A16,"") | B14: =IF($A14="", "", 'Hareket Girişi'!B16) | C14: =IF($A14="", "", 'Hareket Girişi'!C16) | D14: =IF($A14="", "", 'Hareket Girişi'!D16) | E14: =IF($A14="", "", 'Hareket Girişi'!E16) | F14: =IF($A14="", "", D14-E14)
A15: =IF('Hareket Girişi'!E17>0,'Hareket Girişi'!A17,"") | B15: =IF($A15="", "", 'Hareket Girişi'!B17) | C15: =IF($A15="", "", 'Hareket Girişi'!C17) | D15: =IF($A15="", "", 'Hareket Girişi'!D17) | E15: =IF($A15="", "", 'Hareket Girişi'!E17) | F15: =IF($A15="", "", D15-E15)
... A203: =IF('Hareket Girişi'!E205>0,'Hareket Girişi'!A205,"") | B203: =IF($A203="", "", 'Hareket Girişi'!B205) | C203: =IF($A203="", "", 'Hareket Girişi'!C205) | D203: =IF($A203="", "", 'Hareket Girişi'!D205) | E203: =IF($A203="", "", 'Hareket Girişi'!E205) | F203: =IF($A203="", "", D203-E203)
C204: TOPLAM | D204: =SUM(D4:D203) | E204: =SUM(E4:E203) | F204: =SUM(F4:F203)

Sheet Notlar
A1: SİSTEM NOTLARI
A3: Bu dosya formüllüdür. Mavi giriş hücrelerini değiştirince özet ve muavin değişir.
A4: Yeni hareket eklemek için Hareket Girişi tablosunda boş satıra veri yaz.
A5: POS tahsilatı brüt tutarla girilmelidir.
A6: Dashboard toplamları tblHareketler tablosuna bağlıdır.
A7: Şu an sisteme 12.03.2026 tarihli 350.000,00 TL tahsilat işlenmiştir.
